PP 000010,ON 000001,Kazio,Anthes,0228-2895,Krasnyy Klyuch
PP 000011,ON 000002,Thoughtbridge,Amoth,0025-1041,Cimonyong
PP 000012,ON 000003,Kanoodle,Rusk,68026-102,Niort
PP 000013,ON 000004,Youfeed,Lakewood,41520-980,Basel
PP 000014,ON 000005,Thoughtstorm,Marcy,65517-1005,Kayapa
PP 000015,ON 000006,Yakitri,Green,48769-112,Neochóri
PP 000016,ON 000007,Trilith,1st,62802-650,Xieyang
PP 000017,ON 000008,Divanoodle,Katie,53238-002,Igarapava
PP 000018,ON 000009,Vitz,Ludington,68180-286,Shaliu
PP 000019,ON 000010,Quatz,Hoffman,0781-9220,Brandýs nad Labem-Stará Boleslav
PP 000020,ON 000011,Centizu,6th,55056-0808,Pameungpeuk
PP 000021,ON 000012,Photofeed,Judy,49967-264,Sindangan
PP 000022,ON 000013,Vimbo,Vera,68151-4980,Kudanding
PP 000023,ON 000014,Thoughtworks,Briar Crest,36987-3410,Phon Charoen
PP 000024,ON 000015,Wordtune,Service,52544-032,Sheki
PP 000025,ON 000016,Rhynyx,Lyons,64117-873,Phitsanulok
PP 000026,ON 000017,Trilith,Manufacturers,55715-001,Tianjiaba
PP 000027,ON 000018,Skyndu,Fulton,54868-5401,Upi
PP 000028,ON 000019,Jaxspan,Artisan,68084-409,Touba
PP 000029,ON 000020,Gigaclub,Forest,61957-1821,Linjiang
PP 000030,ON 000021,Jabberstorm,Lien,10191-1797,Tangkil
PP 000031,ON 000022,Zoozzy,Norway Maple,60681-0115,At Tawāhī
PP 000032,ON 000023,Trilith,Kedzie,0093-3122,São Gonçalo do Amarante
PP 000033,ON 000024,Rhyloo,Caliangt,0268-0072,Zhuzuo
PP 000034,ON 000025,Voomm,Hayes,54473-210,Kouango
PP 000035,ON 000026,Oyoyo,Swallow,0088-2100,Yermolino
PP 000036,ON 000027,Voomm,Dovetail,63187-072,Dinājpur
PP 000037,ON 000028,Plambee,Caliangt,63776-170,Gutian
PP 000038,ON 000029,Oyoloo,Kings,0615-4590,Hobart
PP 000039,ON 000030,Quamba,Prentice,54569-4391,Zhengdun
PP 000040,ON 000031,Realblab,Norway Maple,69148-001,Anse Royale
PP 000010,ON 000033,Twiyo,David,54868-2361,Necoclí
PP 000011,ON 000034,Divanoodle,Old Gate,63629-3349,Hetou
PP 000012,ON 000035,Vinder,Waxwing,43419-015,Progreso
PP 000013,ON 000036,Meevee,Sugar,63347-112,Norak
PP 000014,ON 000037,Fadeo,Birchwood,45865-347,Āgaro
PP 000015,ON 000038,Zoombox,Kinsman,43547-265,Rancapare
PP 000016,ON 000039,Camimbo,Evergreen,51285-129,Taoyang
PP 000017,ON 000040,Youspan,Menomonie,76485-1009,Rixinhe
PP 000018,ON 000041,Skalith,Portage,68084-607,Mizhuang
PP 000019,ON 000042,Blogtag,Chive,0069-4396,Cap Malheureux
PP 000020,ON 000043,Devcast,Anhalt,64092-318,Andkhōy
PP 000021,ON 000044,Zoovu,Orin,47335-956,Fornos
PP 000022,ON 000045,Izio,Warbler,68828-143,Hofors
PP 000023,ON 000046,Voolith,Melody,55711-069,Sukawaris
PP 000024,ON 000047,Feedfire,Northwestern,54868-5139,Liushan
PP 000025,ON 000048,Trudoo,Emmet,57664-156,Jingdu
PP 000026,ON 000049,Minyx,High Crossing,66273-0004,Claresholm
PP 000027,ON 000050,Nlounge,Algoma,24385-404,Uchaly
PP 000028,ON 000001,Jaxworks,Village,52959-875,Sajan
PP 000029,ON 000002,Realbuzz,Vidon,65162-207,San Pedro Carchá
PP 000030,ON 000003,Skipfire,Schlimgen,63517-005,San Pedro Ayampuc
PP 000031,ON 000004,Katz,Garrison,37205-675,Kax
PP 000032,ON 000005,Twitterlist,6th,49288-0674,Guankou
PP 000033,ON 000006,Twimbo,Hazelcrest,55726-048,Guder
PP 000034,ON 000007,Jayo,Lukken,41250-247,Ban Nahin
PP 000035,ON 000008,Jamia,Lien,35356-775,Los Guayos
PP 000036,ON 000009,Skivee,Namekagon,61543-1774,Buka
PP 000037,ON 000010,Vinder,Northport,68084-571,Sancang
PP 000038,ON 000011,Mybuzz,Dwight,57955-5134,Pingqiao
PP 000039,ON 000012,Voonder,Warbler,49288-0181,Novosibirsk
PP 000040,ON 000013,Latz,Golden Leaf,63323-288,Pinellas Park
PP 000010,ON 000015,Divavu,Granby,63824-322,Kandava
PP 000011,ON 000016,Feedmix,Valley Edge,55566-5060,Qalaikhumb
PP 000012,ON 000017,Pixope,Loeprich,61269-210,Milwaukee
PP 000013,ON 000018,Tagfeed,Cambridge,37012-458,Jianba
PP 000014,ON 000019,Voolia,Warbler,0904-5811,Wongsorejo
PP 000015,ON 000020,Thoughtmix,Saint Paul,64942-1338,Aborlan
PP 000016,ON 000021,DabZ,Spaight,42248-108,Kitimat
PP 000017,ON 000022,Photolist,Esker,50242-135,Hamburg
PP 000018,ON 000023,Shuffletag,Butterfield,55714-4472,Ramadi
PP 000019,ON 000024,Rhynyx,Vidon,33992-1108,Muḩambal
PP 000020,ON 000025,Meeveo,Bashford,50563-178,Terbangan
PP 000021,ON 000026,Yodo,Florence,42543-052,Quxia
PP 000022,ON 000027,Tagtune,Anniversary,0904-5658,Shawnee Mission
PP 000023,ON 000028,Linkbridge,Chive,41250-466,Magepanda
PP 000024,ON 000029,Twiyo,Mccormick,55319-160,Boden
PP 000025,ON 000030,Yata,Florence,58118-9827,Huaping
PP 000026,ON 000031,Twitterbeat,Sutherland,75981-226,Daxing
PP 000027,ON 000032,Photolist,East,63629-4096,Esquipulas
PP 000028,ON 000033,Kanoodle,Jana,69072-100,Suzaka
PP 000029,ON 000034,Edgeblab,Glacier Hill,55154-2728,Wushi
PP 000030,ON 000035,Youspan,Thompson,52125-279,Changqiao
PP 000031,ON 000036,Abata,Butternut,0173-0720,Potoni
PP 000032,ON 000037,Kwimbee,Browning,49959-1111,Yanzhou
PP 000033,ON 000038,Blogpad,Schlimgen,54057-305,San Luis
PP 000034,ON 000039,BlogXS,Spenser,52533-042,Pushkino
PP 000035,ON 000040,Shuffledrive,Quincy,59779-679,Dahuangwei
PP 000036,ON 000041,Rhycero,Pleasure,60760-229,Vredefort
PP 000037,ON 000042,LiveZ,Bashford,57520-0388,Laslovo
PP 000038,ON 000043,Zooxo,Heffernan,63868-253,Hato Mayor del Rey
PP 000039,ON 000044,Aimbo,Vernon,21695-238,Ozorków
PP 000040,ON 000045,Twinder,Bobwhite,42291-838,Oefatu
PP 000010,ON 000047,Meedoo,Surrey,68788-9536,Rosh Ha‘Ayin
PP 000011,ON 000048,Rhyzio,Corben,55154-5106,Villa Francisca
PP 000012,ON 000049,Demizz,Independence,49288-0644,Antipolo
PP 000013,ON 000050,Mudo,Clarendon,63736-024,San Ramon
PP 000014,ON 000001,Feedmix,Anthes,42853-102,Sakassou
PP 000015,ON 000002,Fivebridge,Gale,68084-013,Borzechów
PP 000016,ON 000003,Aimbo,Maple Wood,52959-138,Broto
PP 000017,ON 000004,Rooxo,Swallow,21220-125,Lebahseri
PP 000018,ON 000005,Quatz,David,55111-202,Dijon
PP 000019,ON 000006,Oyoba,Rockefeller,48951-2105,Tignapalan
PP 000020,ON 000007,Realpoint,Thierer,63739-975,Zhayang
PP 000021,ON 000008,Fivespan,Debra,69075-001,Linchen
PP 000022,ON 000009,Wikivu,Bashford,41250-255,Wudan
PP 000023,ON 000010,Einti,Delaware,62191-010,Semampir
PP 000024,ON 000011,Jabbersphere,Bay,57910-300,Seixo de Manhoses
PP 000025,ON 000012,Dabshots,Badeau,0517-0730,Nārang
PP 000026,ON 000013,Jaxnation,Gateway,49738-432,Yanhu
PP 000027,ON 000014,Yakitri,Prentice,59779-803,Bulasa
PP 000028,ON 000015,Youspan,Scoville,0093-0812,Ambarakaraka
PP 000029,ON 000016,Topicware,Little Fleur,61722-005,Minglanilla
PP 000030,ON 000017,Shufflebeat,Farmco,50474-804,Alor Setar
PP 000031,ON 000018,Mydeo,Logan,0409-2689,Birmingham
PP 000032,ON 000019,Thoughtsphere,Warrior,54868-2290,Ampanihy
PP 000033,ON 000020,Nlounge,Claremont,0395-4202,Ḩajjah
PP 000034,ON 000021,Meedoo,Commercial,33261-005,Huangliu
PP 000035,ON 000022,Wordtune,Comanche,51824-473,Ciudad Guayana
PP 000036,ON 000023,Ozu,Green Ridge,48951-8234,Areia Branca
PP 000037,ON 000024,Nlounge,Bultman,49349-294,Az Ziyārah
PP 000038,ON 000025,Shufflester,Arapahoe,13533-684,Examília
PP 000039,ON 000026,Thoughtbridge,Eastlawn,67226-2045,Secunda
PP 000040,ON 000027,Buzzbean,Johnson,50580-813,Ratchaburi
PP 000010,ON 000029,Zoonoodle,Havey,0517-1020,La Guata
PP 000011,ON 000030,Dynazzy,Little Fleur,61096-0031,Saga
PP 000012,ON 000031,Fadeo,Warner,49715-007,Póvoa
PP 000013,ON 000032,Thoughtstorm,Bellgrove,55154-1032,Kłoczew
PP 000014,ON 000033,Chatterpoint,Meadow Valley,68196-604,Monching
PP 000015,ON 000034,Gigashots,Lighthouse Bay,42507-425,Loureiro
PP 000016,ON 000035,Trudoo,Daystar,60913-008,Kuybyshev
PP 000017,ON 000036,Skyble,Glendale,49349-758,Oslo
PP 000018,ON 000037,Wordtune,Hintze,12634-531,Orsay
PP 000019,ON 000038,Yakidoo,Carpenter,49288-0718,Shilin
PP 000020,ON 000039,Youspan,Beilfuss,64613-0456,Obrera
PP 000021,ON 000040,Quaxo,Hansons,65691-0088,Sadao
PP 000022,ON 000041,Shuffledrive,Tennyson,36987-3015,Lyambir’
PP 000023,ON 000042,Feednation,Kipling,50017-025,Kirkop
PP 000024,ON 000043,Tambee,Pierstorff,16590-030,Vyazniki
PP 000025,ON 000044,Devify,Vernon,41163-236,Nhà Bè
PP 000026,ON 000045,Pixonyx,Kings,49349-726,Terentang
PP 000027,ON 000046,Voonyx,Lerdahl,53614-001,Senglea
PP 000028,ON 000047,Voonte,Cambridge,55154-6187,Port Erin
PP 000029,ON 000048,Realmix,Hansons,52125-447,Bršadin
PP 000030,ON 000049,Babbleblab,Thackeray,57664-441,Calangain
PP 000031,ON 000050,Rhycero,Crowley,66336-439,Sembungan Kidul
