ON 000001,Zava,Havey,Nice,789555837-4
ON 000002,Feedbug,Atwood,General Alvear,745872950-3
ON 000003,Realbridge,Lyons,Jizhou,653720314-7
ON 000004,Yombu,Debs,Wangunjaya,327058062-2
ON 000005,Blogspan,Bowman,Zelmeņi,603279298-6
ON 000006,Youtags,Erie,Ketapang,897626692-7
ON 000007,Muxo,Bluejay,Tournavista,071770279-0
ON 000008,Topdrive,Messerschmidt,Krajan Winong,253284821-9
ON 000009,Topicblab,Washington,Martinlongo,461174439-6
ON 000010,Wikivu,Daystar,Casal da Serra,011073396-7
ON 000011,Dazzlesphere,4th,Goodlands,400581167-1
ON 000012,Voomm,Meadow Valley,Las Breñas,641357843-2
ON 000013,Topicshots,Lerdahl,Mogocha,994755507-0
ON 000014,Topiclounge,Elgar,Huaqiao,358781165-2
ON 000015,Ntag,Hintze,Sipe Sipe,577388453-4
ON 000016,Zoozzy,John Wall,Banes,930282904-9
ON 000017,Blogpad,Fairview,Gbarnga,174465297-X
ON 000018,Oyonder,Loeprich,Pittsburgh,500419097-6
ON 000019,Dabfeed,Lakeland,Omigawa,797520685-7
ON 000020,Oba,Everett,Bogor,215312888-9
ON 000001,Oyoyo,Division,Outapi,351440817-3
ON 000002,Blognation,Hooker,Mabyan,751506450-1
ON 000003,Feedfish,Independence,Tarumizu,621355542-0
ON 000004,Digitube,Park Meadow,Usatove,082523136-1
ON 000005,Muxo,Monument,Novoishimskiy,604081354-7
ON 000006,Innotype,Summer Ridge,Lincoln,930710094-2
ON 000007,Meezzy,Prentice,Huansheng,108059963-0
ON 000008,Jamia,Lillian,Macheke,519671612-2
ON 000011,Shuffletag,Miller,Villa Bustos,490208982-3
ON 000012,Katz,Lawn,Miaoxi,217717625-5
ON 000013,Skajo,Moose,Sanhu,352925283-2
ON 000014,Jabberbean,Cottonwood,Ketapang,936689947-1
ON 000015,Flashpoint,Monument,Pshada,789862572-2
ON 000016,Eire,Carioca,Andkhōy,455316616-X
ON 000017,Kwimbee,Mcguire,Lanxi,754800795-7
ON 000018,Yabox,Burning Wood,Tunjë,240218995-9
ON 000019,Blogtag,Kipling,Sukajadi,480128253-9
ON 000020,Zoombox,Milwaukee,Majan,799333329-6
ON 000009,Layo,Cody,Tual,719951798-X
ON 000010,Tazzy,Evergreen,Kieta,583104296-0