PP 000001,Side Garden
PP 000002,Rooftop Garden
PP 000003,Second-Level
PP 000004,Font Garden
PP 000005,Back Garden
PP 000006,Side Garden
PP 000007,Rooftop Garden
PP 000008,Second-Level
PP 000009,Font Garden
PP 000010,Back Garden
PP 000011,Side Garden
PP 000012,Rooftop Garden
PP 000013,Second-Level
PP 000014,Font Garden
PP 000015,Back Garden
PP 000016,Side Garden
PP 000017,Rooftop Garden
PP 000018,Second-Level
PP 000019,Font Garden
PP 000020,Back Garden
PP 000021,Side Garden
PP 000022,Rooftop Garden
PP 000023,Second-Level
PP 000024,Font Garden
PP 000025,Back Garden
PP 000026,Side Garden
PP 000027,Rooftop Garden
PP 000028,Second-Level
PP 000029,Font Garden
PP 000030,Back Garden
PP 000031,Side Garden
PP 000032,Rooftop Garden
PP 000033,Second-Level
PP 000034,Font Garden
PP 000035,Back Garden
PP 000036,Side Garden
PP 000037,Rooftop Garden
PP 000038,Second-Level
PP 000039,Font Garden
PP 000040,Back Garden
PP 000041,Side Garden
PP 000042,Rooftop Garden
PP 000043,Second-Level
PP 000044,Font Garden
PP 000045,Back Garden
PP 000046,Side Garden
PP 000047,Rooftop Garden
PP 000048,Second-Level
PP 000049,Font Garden
PP 000050,Back Garden
PP 000051,Side Garden
PP 000052,Rooftop Garden
PP 000053,Second-Level
PP 000054,Font Garden
PP 000055,Back Garden
PP 000056,Side Garden
PP 000057,Rooftop Garden
PP 000058,Second-Level
PP 000059,Font Garden
PP 000060,Back Garden
PP 000061,Side Garden
PP 000062,Rooftop Garden
PP 000063,Second-Level
PP 000064,Font Garden
PP 000065,Back Garden
PP 000066,Side Garden
PP 000067,Rooftop Garden
PP 000068,Second-Level
PP 000069,Font Garden
PP 000070,Back Garden
PP 000071,Side Garden
PP 000072,Rooftop Garden
PP 000073,Second-Level
PP 000074,Font Garden
PP 000075,Back Garden
PP 000076,Side Garden
PP 000077,Rooftop Garden
PP 000078,Second-Level
PP 000079,Font Garden
PP 000080,Back Garden
PP 000081,Side Garden
PP 000082,Rooftop Garden
PP 000083,Second-Level
PP 000084,Font Garden
PP 000085,Back Garden
PP 000086,Side Garden
PP 000087,Rooftop Garden
PP 000088,Second-Level
PP 000089,Font Garden
PP 000090,Back Garden
PP 000091,Side Garden
PP 000092,Rooftop Garden
PP 000093,Second-Level
PP 000094,Font Garden
PP 000095,Back Garden
PP 000096,Side Garden
PP 000097,Rooftop Garden
PP 000098,Second-Level
PP 000099,Font Garden
PP 000100,Back Garden
PP 000101,Side Garden
PP 000102,Rooftop Garden
PP 000103,Second-Level
PP 000104,Font Garden
PP 000105,Back Garden
PP 000106,Side Garden
PP 000107,Rooftop Garden
PP 000108,Second-Level
PP 000109,Font Garden
PP 000110,Back Garden
PP 000111,Side Garden
PP 000112,Rooftop Garden
PP 000113,Second-Level
PP 000114,Font Garden
PP 000115,Back Garden
PP 000116,Side Garden
PP 000117,Rooftop Garden
PP 000118,Second-Level
PP 000119,Font Garden
PP 000120,Back Garden
PP 000121,Side Garden
PP 000122,Rooftop Garden
PP 000123,Second-Level
PP 000124,Font Garden
PP 000125,Back Garden
PP 000126,Side Garden
PP 000127,Rooftop Garden
PP 000128,Second-Level
PP 000129,Font Garden
PP 000130,Back Garden
PP 000131,Side Garden
PP 000132,Rooftop Garden
PP 000133,Second-Level
PP 000134,Font Garden
PP 000135,Back Garden
PP 000136,Side Garden
PP 000137,Rooftop Garden
PP 000138,Second-Level
PP 000139,Font Garden
PP 000140,Back Garden
PP 000141,Side Garden
PP 000142,Rooftop Garden
PP 000143,Second-Level
PP 000144,Font Garden
PP 000145,Back Garden
PP 000146,Side Garden
PP 000147,Rooftop Garden
PP 000148,Second-Level
PP 000149,Font Garden
PP 000150,Back Garden
PP 000151,Side Garden
PP 000152,Rooftop Garden
PP 000153,Second-Level
PP 000154,Font Garden
PP 000155,Back Garden
PP 000156,Side Garden
PP 000157,Rooftop Garden
PP 000158,Second-Level
PP 000159,Font Garden
PP 000160,Back Garden
PP 000161,Side Garden
PP 000162,Rooftop Garden
PP 000163,Second-Level
PP 000164,Font Garden
PP 000165,Back Garden
PP 000166,Side Garden
PP 000167,Rooftop Garden
PP 000168,Second-Level
PP 000169,Font Garden
PP 000170,Back Garden
PP 000171,Side Garden
PP 000172,Rooftop Garden
PP 000173,Second-Level
PP 000174,Font Garden
PP 000175,Back Garden
PP 000176,Side Garden
PP 000177,Rooftop Garden
PP 000178,Second-Level
PP 000179,Font Garden
PP 000180,Back Garden
PP 000181,Side Garden
PP 000182,Rooftop Garden
PP 000183,Second-Level
PP 000184,Font Garden
PP 000185,Back Garden
PP 000186,Side Garden
PP 000001,Rooftop Garden
PP 000002,Second-Level
PP 000003,Font Garden
PP 000004,Back Garden
PP 000005,Side Garden
PP 000006,Rooftop Garden
PP 000007,Second-Level
PP 000008,Font Garden
PP 000009,Back Garden
PP 000010,Side Garden
PP 000011,Rooftop Garden
PP 000012,Second-Level
PP 000013,Font Garden
PP 000014,Back Garden
PP 000015,Side Garden
PP 000016,Rooftop Garden
PP 000017,Second-Level
PP 000018,Font Garden
PP 000019,Back Garden
PP 000020,Side Garden
PP 000021,Rooftop Garden
PP 000022,Second-Level
PP 000023,Font Garden
PP 000024,Back Garden
PP 000025,Side Garden
PP 000026,Rooftop Garden
PP 000027,Second-Level
PP 000028,Font Garden
PP 000029,Back Garden
PP 000030,Side Garden
PP 000031,Rooftop Garden
PP 000032,Second-Level
PP 000033,Font Garden
PP 000034,Back Garden
PP 000035,Side Garden
PP 000036,Rooftop Garden
PP 000037,Second-Level
PP 000038,Font Garden
PP 000039,Back Garden
PP 000040,Side Garden
PP 000041,Rooftop Garden
PP 000042,Second-Level
PP 000043,Font Garden
PP 000044,Back Garden
PP 000045,Side Garden
PP 000046,Rooftop Garden
PP 000047,Second-Level
PP 000048,Font Garden
PP 000049,Back Garden
PP 000050,Side Garden
PP 000051,Rooftop Garden
PP 000052,Second-Level
PP 000053,Font Garden
PP 000054,Back Garden
PP 000055,Side Garden
PP 000056,Rooftop Garden
PP 000057,Second-Level
PP 000058,Font Garden
PP 000059,Back Garden
PP 000060,Side Garden
PP 000061,Rooftop Garden
PP 000062,Second-Level
PP 000063,Font Garden
PP 000064,Back Garden
PP 000065,Side Garden
PP 000066,Rooftop Garden
PP 000067,Second-Level
PP 000068,Font Garden
PP 000069,Back Garden
PP 000070,Side Garden
PP 000071,Rooftop Garden
PP 000072,Second-Level
PP 000073,Font Garden
PP 000074,Back Garden
PP 000075,Side Garden
PP 000076,Rooftop Garden
PP 000077,Second-Level
PP 000078,Font Garden
PP 000079,Back Garden
PP 000080,Side Garden
PP 000081,Rooftop Garden
PP 000082,Second-Level
PP 000083,Font Garden
PP 000084,Back Garden
PP 000085,Side Garden
PP 000086,Rooftop Garden
PP 000087,Second-Level
PP 000088,Font Garden
PP 000089,Back Garden
PP 000090,Side Garden
PP 000091,Rooftop Garden
PP 000092,Second-Level
PP 000093,Font Garden
PP 000094,Back Garden
PP 000095,Side Garden
PP 000096,Rooftop Garden
PP 000097,Second-Level
PP 000098,Font Garden
PP 000099,Back Garden
PP 000100,Side Garden
PP 000101,Rooftop Garden
PP 000102,Second-Level
PP 000103,Font Garden
PP 000104,Back Garden
PP 000105,Side Garden
PP 000106,Rooftop Garden
PP 000107,Second-Level
PP 000108,Font Garden
PP 000109,Back Garden
PP 000160,Side Garden 
PP 000161,Back Garden
PP 000162,Second-Level
PP 000163,Rooftop Garden 
PP 000164,Back Garden
PP 000165,Font Garden
PP 000166,Back Garden
PP 000167,Back Garden
PP 000168,Back Garden
PP 000169,Back Garden
PP 000170,Side Garden
PP 000171,Font Garden
PP 000172,Font Garden
PP 000173,Font Garden
PP 000174,Rooftop Garden
PP 000175,Font Garden
PP 000176,Rooftop Garden
PP 000177,Side Garden
PP 000178,Font Garden
PP 000179,Second-Level
PP 000180,Side Garden
PP 000181,Back Garden
PP 000182,Font Garden
PP 000183,Side Garden
PP 000184,Rooftop Garden
PP 000185,Font Garden
PP 000186,Back Garden
