EQ 000001,TK 001,dapibus augue
EQ 000002,TK 002,congue eget
EQ 000003,TK 003,volutpat sapien
EQ 000004,TK 004,eleifend pede libero
EQ 000005,TK 005,tellus nulla
EQ 000006,TK 006,duis ac nibh
EQ 000007,TK 007,vestibulum proin eu
EQ 000008,TK 008,duis bibendum
EQ 000009,TK 009,nonummy integer
EQ 000010,TK 010,vestibulum quam sapien
EQ 000011,TK 011,potenti in eleifend
EQ 000012,TK 012,curae donec
EQ 000013,TK 013,nulla ac
EQ 000014,TK 014,aliquam non
EQ 000015,TK 015,volutpat quam pede
EQ 000016,TK 016,consequat ut nulla
EQ 000017,TK 017,velit id
EQ 000018,TK 018,sed ante vivamus
EQ 000019,TK 019,nullam porttitor
EQ 000020,TK 020,metus arcu adipiscing
EQ 000021,TK 021,leo odio porttitor
EQ 000022,TK 022,pede justo
EQ 000023,TK 023,velit id pretium
EQ 000024,TK 024,turpis integer aliquet
EQ 000025,TK 025,eleifend luctus
EQ 000026,TK 026,volutpat eleifend
EQ 000027,TK 027,lectus pellentesque eget
EQ 000028,TK 028,nunc vestibulum
EQ 000029,TK 029,duis at velit
EQ 000030,TK 030,penatibus et
EQ 000031,TK 031,suspendisse potenti
EQ 000032,TK 032,mi integer ac
EQ 000033,TK 033,mauris enim
EQ 000034,TK 034,molestie hendrerit
EQ 000035,TK 035,turpis integer
EQ 000036,TK 036,sit amet
EQ 000037,TK 037,tincidunt nulla
EQ 000038,TK 038,tincidunt lacus
EQ 000039,TK 039,etiam justo
EQ 000040,TK 040,enim blandit
EQ 000041,TK 041,mauris ullamcorper
EQ 000001,TK 042,curabitur in
EQ 000002,TK 043,viverra diam vitae
EQ 000003,TK 044,mi pede malesuada
EQ 000004,TK 045,tellus nisi
EQ 000005,TK 046,sapien a libero
EQ 000006,TK 047,suspendisse potenti cras
EQ 000007,TK 048,est quam pharetra
EQ 000008,TK 049,praesent blandit lacinia
EQ 000009,TK 050,lorem ipsum
EQ 000010,TK 051,viverra pede
EQ 000011,TK 052,imperdiet nullam orci
EQ 000012,TK 053,felis fusce
EQ 000013,TK 054,at turpis
EQ 000014,TK 055,nam congue
EQ 000015,TK 056,purus phasellus
EQ 000016,TK 057,convallis duis consequat
EQ 000017,TK 058,praesent blandit lacinia
EQ 000018,TK 059,maecenas tincidunt
EQ 000019,TK 060,elementum nullam varius
EQ 000020,TK 061,vestibulum velit
EQ 000021,TK 062,vestibulum ante
EQ 000022,TK 063,et ultrices posuere
EQ 000023,TK 064,a suscipit nulla
EQ 000024,TK 065,duis at velit
EQ 000025,TK 066,vulputate elementum nullam
EQ 000026,TK 067,ut odio
EQ 000027,TK 068,sapien varius ut
EQ 000028,TK 069,pellentesque volutpat
EQ 000029,TK 070,est donec
EQ 000030,TK 071,neque libero
EQ 000031,TK 072,sollicitudin mi sit
EQ 000032,TK 073,turpis adipiscing lorem
EQ 000033,TK 074,pellentesque at nulla
EQ 000034,TK 075,eu felis
EQ 000035,TK 076,id consequat
EQ 000036,TK 077,pede posuere nonummy
EQ 000037,TK 078,sit amet
EQ 000038,TK 079,at nunc commodo
EQ 000039,TK 080,nam dui proin
EQ 000040,TK 081,enim leo
EQ 000041,TK 082,pretium quis lectus
EQ 000001,TK 083,sagittis sapien cum
EQ 000002,TK 084,tortor quis turpis
EQ 000003,TK 085,sed augue
EQ 000004,TK 086,mi in
EQ 000005,TK 087,sit amet consectetuer
EQ 000006,TK 088,maecenas rhoncus aliquam
EQ 000007,TK 089,vestibulum ante ipsum
EQ 000008,TK 090,pede morbi porttitor
EQ 000009,TK 091,quam sapien varius
EQ 000010,TK 092,donec pharetra
EQ 000011,TK 093,dolor morbi
EQ 000012,TK 094,porta volutpat erat
EQ 000013,TK 095,ante vel ipsum
EQ 000014,TK 096,dui maecenas tristique
EQ 000015,TK 097,eget eros
EQ 000016,TK 098,nec dui
EQ 000017,TK 099,lacus morbi
EQ 000018,TK 100,blandit nam nulla
EQ 000019,TK 1000,sem fusce
EQ 000020,TK 1001,pretium iaculis diam
EQ 000021,TK 1002,ante ipsum
EQ 000022,TK 1003,phasellus sit
EQ 000023,TK 1004,penatibus et
EQ 000024,TK 1005,ut volutpat
EQ 000025,TK 1006,nulla nisl nunc
EQ 000026,TK 1007,lacus morbi
EQ 000027,TK 1008,est donec
EQ 000028,TK 1009,in faucibus
EQ 000029,TK 101,dictumst aliquam augue
EQ 000030,TK 1010,nullam molestie
EQ 000031,TK 1011,amet nulla quisque
EQ 000032,TK 1012,odio justo
EQ 000033,TK 1013,nec molestie sed
EQ 000034,TK 1014,cras in
EQ 000035,TK 1015,suspendisse accumsan tortor
EQ 000036,TK 1016,rutrum neque
EQ 000037,TK 1017,nonummy integer
EQ 000038,TK 1018,ut rhoncus
EQ 000039,TK 1019,tempus vivamus
EQ 000040,TK 102,gravida sem praesent
EQ 000041,TK 1020,sed interdum
EQ 000001,TK 1021,bibendum morbi
EQ 000002,TK 1022,nisl aenean lectus
EQ 000003,TK 1023,quam nec dui
EQ 000004,TK 1024,in est risus
EQ 000005,TK 1025,non velit donec
EQ 000006,TK 1026,sapien arcu
EQ 000007,TK 1027,interdum in
EQ 000008,TK 1028,hac habitasse platea
EQ 000009,TK 1029,duis at velit
EQ 000010,TK 103,curabitur gravida nisi
EQ 000011,TK 1030,aenean lectus pellentesque
EQ 000012,TK 1031,vulputate elementum nullam
EQ 000013,TK 1032,diam vitae quam
EQ 000014,TK 1033,maecenas leo odio
EQ 000015,TK 1034,vulputate justo
EQ 000016,TK 1035,sed justo pellentesque
EQ 000017,TK 1036,ultrices aliquet
EQ 000018,TK 1037,aliquam erat
EQ 000019,TK 1038,sapien cursus vestibulum
EQ 000020,TK 1039,velit donec
EQ 000021,TK 104,nulla ultrices aliquet
EQ 000022,TK 1040,diam nam
EQ 000023,TK 1041,eu felis
EQ 000024,TK 1042,turpis eget
EQ 000025,TK 1043,at nunc commodo
EQ 000026,TK 1044,eros viverra
EQ 000027,TK 1045,ut ultrices
EQ 000028,TK 1046,pellentesque quisque porta
EQ 000029,TK 1047,est phasellus
EQ 000030,TK 1048,interdum in
EQ 000031,TK 1049,libero rutrum
EQ 000032,TK 105,odio odio
EQ 000033,TK 1050,ante vel
EQ 000034,TK 1051,cum sociis natoque
EQ 000035,TK 1052,luctus rutrum
EQ 000036,TK 1053,at velit
EQ 000037,TK 1054,parturient montes nascetur
EQ 000038,TK 1055,nibh quisque
EQ 000039,TK 1056,cras non velit
EQ 000040,TK 1057,odio consequat
EQ 000041,TK 1058,tincidunt eu felis
EQ 000001,TK 1059,varius ut blandit
EQ 000002,TK 106,erat id
EQ 000003,TK 1060,ut erat id
EQ 000004,TK 1061,rhoncus mauris
EQ 000005,TK 1062,suspendisse potenti cras
EQ 000006,TK 1063,tellus nulla
EQ 000007,TK 1064,purus phasellus
EQ 000008,TK 1065,justo aliquam
EQ 000009,TK 1066,erat id
EQ 000010,TK 1067,quam pharetra magna
EQ 000011,TK 1068,eu felis
EQ 000012,TK 1069,posuere cubilia
EQ 000013,TK 107,sit amet
EQ 000014,TK 1070,felis ut at
EQ 000015,TK 1071,quis orci
EQ 000016,TK 1072,tempus vivamus in
EQ 000017,TK 1073,a libero
EQ 000018,TK 1074,faucibus accumsan odio
EQ 000019,TK 1075,vel enim sit
EQ 000020,TK 1076,aliquam augue
EQ 000021,TK 1077,viverra eget congue
EQ 000022,TK 1078,ut tellus
EQ 000023,TK 1079,vestibulum proin
EQ 000024,TK 108,felis sed lacus
EQ 000025,TK 1080,morbi non lectus
EQ 000026,TK 1081,urna pretium
EQ 000027,TK 1082,ultrices posuere cubilia
EQ 000028,TK 1083,sapien varius ut
EQ 000029,TK 1084,enim in tempor
EQ 000030,TK 1085,est donec odio
EQ 000031,TK 1086,justo eu massa
EQ 000032,TK 1087,quam suspendisse
EQ 000033,TK 1088,ut mauris eget
EQ 000034,TK 1089,accumsan felis ut
EQ 000035,TK 109,id mauris vulputate
EQ 000036,TK 1090,morbi odio odio
EQ 000037,TK 1091,eu pede
EQ 000038,TK 1092,porttitor id
EQ 000039,TK 1093,pede venenatis
EQ 000040,TK 1094,nisl duis
EQ 000041,TK 1095,euismod scelerisque quam
EQ 000001,TK 1096,id justo sit
EQ 000002,TK 1097,ultricies eu
EQ 000003,TK 1098,eleifend pede libero
EQ 000004,TK 1099,odio elementum
EQ 000005,TK 110,tincidunt in leo
EQ 000006,TK 1100,rhoncus sed vestibulum
EQ 000007,TK 111,commodo placerat
EQ 000008,TK 112,varius ut
EQ 000009,TK 113,blandit ultrices enim
EQ 000010,TK 114,a odio
EQ 000011,TK 115,at nulla
EQ 000012,TK 116,rutrum rutrum neque
EQ 000013,TK 117,erat id
EQ 000014,TK 118,sem fusce consequat
EQ 000015,TK 119,magnis dis parturient
EQ 000016,TK 120,id mauris
EQ 000017,TK 121,nisi volutpat eleifend
EQ 000018,TK 122,faucibus orci
EQ 000019,TK 123,condimentum id
EQ 000020,TK 124,turpis integer aliquet
EQ 000021,TK 125,maecenas tristique
EQ 000022,TK 126,adipiscing lorem vitae
EQ 000023,TK 127,vestibulum proin
EQ 000024,TK 128,id nisl venenatis
EQ 000025,TK 129,nibh fusce
EQ 000026,TK 130,quam sollicitudin
EQ 000027,TK 131,suscipit nulla
EQ 000028,TK 132,ultrices posuere cubilia
EQ 000029,TK 133,ipsum primis in
EQ 000030,TK 134,a nibh
EQ 000031,TK 135,nisi venenatis tristique
EQ 000032,TK 136,nunc vestibulum ante
EQ 000033,TK 137,congue risus semper
EQ 000034,TK 138,nunc viverra
EQ 000035,TK 139,tincidunt in leo
EQ 000036,TK 140,augue luctus tincidunt
EQ 000037,TK 141,at velit eu
EQ 000038,TK 142,tortor quis turpis
EQ 000039,TK 143,magna vestibulum
EQ 000040,TK 144,luctus tincidunt
EQ 000041,TK 145,vitae quam
EQ 000001,TK 146,aliquam sit amet
EQ 000002,TK 147,pellentesque ultrices phasellus
EQ 000003,TK 148,sapien ut
EQ 000004,TK 149,integer pede
EQ 000005,TK 150,montes nascetur
EQ 000006,TK 151,non quam
EQ 000007,TK 152,sit amet eros
EQ 000008,TK 153,tincidunt nulla
EQ 000009,TK 154,ligula in
EQ 000010,TK 155,in congue etiam
EQ 000011,TK 156,blandit nam
EQ 000012,TK 157,integer a
EQ 000013,TK 158,dapibus duis
EQ 000014,TK 159,id massa id
EQ 000015,TK 160,fermentum justo nec
EQ 000016,TK 161,sociis natoque
EQ 000017,TK 162,volutpat erat
EQ 000018,TK 163,amet justo morbi
EQ 000019,TK 164,sapien ut nunc
EQ 000020,TK 165,diam nam
EQ 000021,TK 166,sit amet sem
EQ 000022,TK 167,cras in
EQ 000023,TK 168,pulvinar nulla
EQ 000024,TK 169,aliquam augue quam
EQ 000025,TK 170,mauris vulputate elementum
EQ 000026,TK 171,ultrices mattis
EQ 000027,TK 172,porta volutpat
EQ 000028,TK 173,in blandit ultrices
EQ 000029,TK 174,et magnis
EQ 000030,TK 175,nulla nisl nunc
EQ 000031,TK 176,volutpat eleifend donec
EQ 000032,TK 177,consequat ut nulla
EQ 000033,TK 178,vivamus in felis
EQ 000034,TK 179,faucibus cursus
EQ 000035,TK 180,sollicitudin vitae consectetuer
EQ 000036,TK 181,nulla sed
EQ 000037,TK 182,odio justo
EQ 000038,TK 183,lectus pellentesque
EQ 000039,TK 184,risus auctor sed
EQ 000040,TK 185,sapien varius ut
EQ 000041,TK 186,fermentum donec ut
EQ 000001,TK 187,dolor vel est
EQ 000002,TK 188,lorem quisque
EQ 000003,TK 189,donec ut mauris
EQ 000004,TK 190,erat fermentum
EQ 000005,TK 191,fusce lacus purus
EQ 000006,TK 192,lacus morbi
EQ 000007,TK 193,mus etiam vel
EQ 000008,TK 194,vestibulum eget vulputate
EQ 000009,TK 195,vel augue vestibulum
EQ 000010,TK 196,diam in magna
EQ 000011,TK 197,sed vestibulum sit
EQ 000012,TK 198,hac habitasse platea
EQ 000013,TK 199,eros suspendisse
EQ 000014,TK 200,vestibulum ante ipsum
EQ 000015,TK 201,luctus et
EQ 000016,TK 202,ultrices libero
EQ 000017,TK 203,praesent id
EQ 000018,TK 204,nisi eu
EQ 000019,TK 205,erat eros
EQ 000020,TK 206,ipsum primis
EQ 000021,TK 207,pellentesque ultrices phasellus
EQ 000022,TK 208,mi sit
EQ 000023,TK 209,duis consequat dui
EQ 000024,TK 210,neque aenean
EQ 000025,TK 211,in libero
EQ 000026,TK 212,cursus urna
EQ 000027,TK 213,iaculis congue vivamus
EQ 000028,TK 214,in libero
EQ 000029,TK 215,luctus et
EQ 000030,TK 216,ultrices erat tortor
EQ 000031,TK 217,augue vestibulum ante
EQ 000032,TK 218,ut tellus nulla
EQ 000033,TK 219,neque sapien
EQ 000034,TK 220,posuere felis sed
EQ 000035,TK 221,nec sem
EQ 000036,TK 222,massa volutpat convallis
EQ 000037,TK 223,non ligula
EQ 000038,TK 224,mauris eget
EQ 000039,TK 225,velit vivamus
EQ 000040,TK 226,rhoncus dui
EQ 000041,TK 227,pulvinar sed
EQ 000001,TK 228,mauris enim leo
EQ 000002,TK 229,orci mauris
EQ 000003,TK 230,orci luctus et
EQ 000004,TK 231,at ipsum ac
EQ 000005,TK 232,orci pede venenatis
EQ 000006,TK 233,quam pharetra
EQ 000007,TK 234,cubilia curae mauris
EQ 000008,TK 235,curae duis
EQ 000009,TK 236,sit amet
EQ 000010,TK 237,in faucibus
EQ 000011,TK 238,at nunc commodo
EQ 000012,TK 239,aenean sit
EQ 000013,TK 240,vestibulum aliquet ultrices
EQ 000014,TK 241,amet consectetuer adipiscing
EQ 000015,TK 242,volutpat eleifend
EQ 000016,TK 243,dui nec
EQ 000017,TK 244,cras non
EQ 000018,TK 245,sapien arcu sed
EQ 000019,TK 246,ut erat
EQ 000020,TK 247,elit proin risus
EQ 000021,TK 248,leo maecenas pulvinar
EQ 000022,TK 249,non pretium quis
EQ 000023,TK 250,morbi ut odio
EQ 000024,TK 251,orci vehicula condimentum
EQ 000025,TK 252,primis in faucibus
EQ 000026,TK 253,in eleifend quam
EQ 000027,TK 254,consectetuer eget
EQ 000028,TK 255,consectetuer eget rutrum
EQ 000029,TK 256,cum sociis
EQ 000030,TK 257,a suscipit
EQ 000031,TK 258,consequat ut
EQ 000032,TK 259,nulla elit
EQ 000033,TK 260,vulputate luctus cum
EQ 000034,TK 261,nulla sed vel
EQ 000035,TK 262,id luctus nec
EQ 000036,TK 263,semper est quam
EQ 000037,TK 264,hac habitasse
EQ 000038,TK 265,cubilia curae
EQ 000039,TK 266,lobortis ligula sit
EQ 000040,TK 267,cursus urna
EQ 000041,TK 268,justo lacinia eget
EQ 000001,TK 269,pellentesque eget nunc
EQ 000002,TK 270,eget elit
EQ 000003,TK 271,in sapien iaculis
EQ 000004,TK 272,neque duis bibendum
EQ 000005,TK 273,id turpis
EQ 000006,TK 274,ultrices posuere
EQ 000007,TK 275,eleifend donec
EQ 000008,TK 276,a pede posuere
EQ 000009,TK 277,cursus urna ut
EQ 000010,TK 278,quis tortor id
EQ 000011,TK 279,donec pharetra magna
EQ 000012,TK 280,vitae mattis nibh
EQ 000013,TK 281,aliquam non mauris
EQ 000014,TK 282,in ante vestibulum
EQ 000015,TK 283,lectus in est
EQ 000016,TK 284,ligula nec
EQ 000017,TK 285,condimentum neque
EQ 000018,TK 286,turpis a pede
EQ 000019,TK 287,aliquet maecenas
EQ 000020,TK 288,vestibulum ante ipsum
EQ 000021,TK 289,nunc proin
EQ 000022,TK 290,pretium quis lectus
EQ 000023,TK 291,sit amet
EQ 000024,TK 292,erat fermentum justo
EQ 000025,TK 293,morbi vestibulum
EQ 000026,TK 294,pellentesque ultrices phasellus
EQ 000027,TK 295,vel nisl
EQ 000028,TK 296,suscipit ligula in
EQ 000029,TK 297,dictumst maecenas ut
EQ 000030,TK 298,habitasse platea dictumst
EQ 000031,TK 299,luctus et
EQ 000032,TK 300,duis faucibus accumsan
EQ 000033,TK 301,eros suspendisse accumsan
EQ 000034,TK 302,duis mattis
EQ 000035,TK 303,venenatis lacinia aenean
EQ 000036,TK 304,vivamus metus arcu
EQ 000037,TK 305,neque vestibulum
EQ 000038,TK 306,interdum mauris
EQ 000039,TK 307,placerat praesent blandit
EQ 000040,TK 308,in hac
EQ 000041,TK 309,ipsum primis
EQ 000001,TK 310,praesent blandit
EQ 000002,TK 311,lobortis vel
EQ 000003,TK 312,maecenas pulvinar lobortis
EQ 000004,TK 313,consequat lectus in
EQ 000005,TK 314,enim lorem ipsum
EQ 000006,TK 315,dapibus duis
EQ 000007,TK 316,dolor sit
EQ 000008,TK 317,at turpis a
EQ 000009,TK 318,id turpis integer
EQ 000010,TK 319,donec ut
EQ 000011,TK 320,nascetur ridiculus mus
EQ 000012,TK 321,libero rutrum ac
EQ 000013,TK 322,phasellus sit amet
EQ 000014,TK 323,in felis donec
EQ 000015,TK 324,ipsum praesent blandit
EQ 000016,TK 325,malesuada in
EQ 000017,TK 326,orci vehicula condimentum
EQ 000018,TK 327,mus vivamus vestibulum
EQ 000019,TK 328,posuere metus vitae
EQ 000020,TK 329,justo eu massa
EQ 000021,TK 330,posuere cubilia curae
EQ 000022,TK 331,mus vivamus vestibulum
EQ 000023,TK 332,hac habitasse
EQ 000024,TK 333,pharetra magna
EQ 000025,TK 334,imperdiet et
EQ 000026,TK 335,in felis
EQ 000027,TK 336,ante ipsum primis
EQ 000028,TK 337,lectus aliquam
EQ 000029,TK 338,dictumst aliquam
EQ 000030,TK 339,nunc vestibulum ante
EQ 000031,TK 340,amet justo morbi
EQ 000032,TK 341,quis tortor
EQ 000033,TK 342,mattis odio donec
EQ 000034,TK 343,sit amet nulla
EQ 000035,TK 344,consequat metus
EQ 000036,TK 345,nullam molestie
EQ 000037,TK 346,dui luctus
EQ 000038,TK 347,in leo
EQ 000039,TK 348,tristique in
EQ 000040,TK 349,nulla sed
EQ 000041,TK 350,fermentum donec
EQ 000001,TK 351,elementum pellentesque
EQ 000002,TK 352,nulla ac
EQ 000003,TK 353,nonummy integer non
EQ 000004,TK 354,ultrices phasellus
EQ 000005,TK 355,dictumst aliquam augue
EQ 000006,TK 356,mauris lacinia
EQ 000007,TK 357,morbi quis tortor
EQ 000008,TK 358,suscipit a feugiat
EQ 000009,TK 359,magnis dis parturient
EQ 000010,TK 360,etiam faucibus
EQ 000011,TK 361,condimentum neque
EQ 000012,TK 362,et magnis
EQ 000013,TK 363,in imperdiet
EQ 000014,TK 364,risus auctor sed
EQ 000015,TK 365,suscipit a feugiat
EQ 000016,TK 366,lobortis sapien sapien
EQ 000017,TK 367,diam vitae
EQ 000018,TK 368,amet turpis
EQ 000019,TK 369,arcu sed
EQ 000020,TK 370,nulla suscipit ligula
EQ 000021,TK 371,mauris ullamcorper
EQ 000022,TK 372,pellentesque quisque
EQ 000023,TK 373,ut at
EQ 000024,TK 374,massa donec dapibus
EQ 000025,TK 375,condimentum neque
EQ 000026,TK 376,sed vel
EQ 000027,TK 377,dolor sit amet
EQ 000028,TK 378,aliquam quis turpis
EQ 000029,TK 379,et ultrices posuere
EQ 000030,TK 380,potenti in eleifend
EQ 000031,TK 381,eget nunc donec
EQ 000032,TK 382,convallis morbi odio
EQ 000033,TK 383,consequat morbi a
EQ 000034,TK 384,consectetuer adipiscing elit
EQ 000035,TK 385,natoque penatibus et
EQ 000036,TK 386,pellentesque ultrices
EQ 000037,TK 387,ante ipsum
EQ 000038,TK 388,magna bibendum imperdiet
EQ 000039,TK 389,tristique est
EQ 000040,TK 390,mattis pulvinar
EQ 000041,TK 391,vitae nisi nam
EQ 000001,TK 392,posuere cubilia curae
EQ 000002,TK 393,semper porta volutpat
EQ 000003,TK 394,ultrices aliquet
EQ 000004,TK 395,a feugiat
EQ 000005,TK 396,duis bibendum
EQ 000006,TK 397,semper est
EQ 000007,TK 398,id justo sit
EQ 000008,TK 399,et magnis
EQ 000009,TK 400,consequat dui
EQ 000010,TK 401,feugiat non
EQ 000011,TK 402,luctus cum
EQ 000012,TK 403,a feugiat et
EQ 000013,TK 404,vel nisl
EQ 000014,TK 405,enim in
EQ 000015,TK 406,convallis morbi odio
EQ 000016,TK 407,velit id
EQ 000017,TK 408,posuere nonummy
EQ 000018,TK 409,penatibus et
EQ 000019,TK 410,dolor vel est
EQ 000020,TK 411,eget congue eget
EQ 000021,TK 412,sed interdum venenatis
EQ 000022,TK 413,eros viverra eget
EQ 000023,TK 414,rutrum at lorem
EQ 000024,TK 415,sapien urna
EQ 000025,TK 416,dolor morbi vel
EQ 000026,TK 417,ipsum praesent
EQ 000027,TK 418,nisl duis ac
EQ 000028,TK 419,metus arcu adipiscing
EQ 000029,TK 420,pellentesque quisque porta
EQ 000030,TK 421,non lectus aliquam
EQ 000031,TK 422,et ultrices posuere
EQ 000032,TK 423,augue a suscipit
EQ 000033,TK 424,donec odio justo
EQ 000034,TK 425,maecenas ut massa
EQ 000035,TK 426,fusce congue
EQ 000036,TK 427,venenatis non
EQ 000037,TK 428,integer ac neque
EQ 000038,TK 429,luctus et
EQ 000039,TK 430,convallis tortor
EQ 000040,TK 431,at velit vivamus
EQ 000041,TK 432,etiam faucibus cursus
EQ 000001,TK 433,porta volutpat
EQ 000002,TK 434,sagittis dui
EQ 000003,TK 435,odio elementum
EQ 000004,TK 436,ligula in lacus
EQ 000005,TK 437,praesent lectus vestibulum
EQ 000006,TK 438,pulvinar sed nisl
EQ 000007,TK 439,odio condimentum id
EQ 000008,TK 440,iaculis justo in
EQ 000009,TK 441,eleifend donec
EQ 000010,TK 442,consequat lectus in
EQ 000011,TK 443,duis faucibus accumsan
EQ 000012,TK 444,erat id mauris
EQ 000013,TK 445,venenatis non
EQ 000014,TK 446,justo aliquam quis
EQ 000015,TK 447,mauris enim leo
EQ 000016,TK 448,eu est congue
EQ 000017,TK 449,purus aliquet at
EQ 000018,TK 450,vestibulum vestibulum
EQ 000019,TK 451,ac est lacinia
EQ 000020,TK 452,suspendisse potenti in
EQ 000021,TK 453,at dolor
EQ 000022,TK 454,in hac habitasse
EQ 000023,TK 455,lorem ipsum dolor
EQ 000024,TK 456,rutrum ac
EQ 000025,TK 457,pretium quis lectus
EQ 000026,TK 458,turpis enim
EQ 000027,TK 459,maecenas pulvinar
EQ 000028,TK 460,massa id lobortis
EQ 000029,TK 461,a feugiat et
EQ 000030,TK 462,cubilia curae duis
EQ 000031,TK 463,enim blandit
EQ 000032,TK 464,nunc commodo
EQ 000033,TK 465,quam fringilla
EQ 000034,TK 466,vestibulum ante
EQ 000035,TK 467,nisi venenatis tristique
EQ 000036,TK 468,imperdiet sapien urna
EQ 000037,TK 469,consequat in consequat
EQ 000038,TK 470,eros vestibulum ac
EQ 000039,TK 471,quisque arcu
EQ 000040,TK 472,hac habitasse platea
EQ 000041,TK 473,porttitor pede justo
EQ 000001,TK 474,donec ut mauris
EQ 000002,TK 475,ac enim in
EQ 000003,TK 476,est congue
EQ 000004,TK 477,platea dictumst aliquam
EQ 000005,TK 478,mattis pulvinar nulla
EQ 000006,TK 479,nulla sed accumsan
EQ 000007,TK 480,rutrum rutrum
EQ 000008,TK 481,quam fringilla
EQ 000009,TK 482,id sapien in
EQ 000010,TK 483,nisl venenatis
EQ 000011,TK 484,enim in
EQ 000012,TK 485,nascetur ridiculus
EQ 000013,TK 486,nullam molestie nibh
EQ 000014,TK 487,duis at velit
EQ 000015,TK 488,pellentesque ultrices
EQ 000016,TK 489,interdum venenatis turpis
EQ 000017,TK 490,tristique in
EQ 000018,TK 491,ac lobortis vel
EQ 000019,TK 492,nulla quisque arcu
EQ 000020,TK 493,et ultrices posuere
EQ 000021,TK 494,faucibus orci
EQ 000022,TK 495,phasellus in
EQ 000023,TK 496,nisi eu orci
EQ 000024,TK 497,vulputate justo
EQ 000025,TK 498,ultrices posuere cubilia
EQ 000026,TK 499,at feugiat
EQ 000027,TK 500,nisl aenean lectus
EQ 000028,TK 501,sed augue
EQ 000029,TK 502,nulla ut erat
EQ 000030,TK 503,pellentesque quisque
EQ 000031,TK 504,risus praesent lectus
EQ 000032,TK 505,lacinia erat vestibulum
EQ 000033,TK 506,neque vestibulum
EQ 000034,TK 507,vestibulum ante
EQ 000035,TK 508,enim in tempor
EQ 000036,TK 509,erat nulla tempus
EQ 000037,TK 510,donec ut dolor
EQ 000038,TK 511,amet turpis
EQ 000039,TK 512,nisl duis
EQ 000040,TK 513,nibh in
EQ 000041,TK 514,in lectus pellentesque
EQ 000001,TK 515,ut massa
EQ 000002,TK 516,pharetra magna
EQ 000003,TK 517,id mauris
EQ 000004,TK 518,sodales sed
EQ 000005,TK 519,convallis tortor risus
EQ 000006,TK 520,rutrum ac
EQ 000007,TK 521,elementum eu
EQ 000008,TK 522,ligula pellentesque
EQ 000009,TK 523,quis tortor id
EQ 000010,TK 524,faucibus orci luctus
EQ 000011,TK 525,orci luctus et
EQ 000012,TK 526,tincidunt nulla mollis
EQ 000013,TK 527,platea dictumst
EQ 000014,TK 528,eros viverra eget
EQ 000015,TK 529,ac enim
EQ 000016,TK 530,lacinia erat
EQ 000017,TK 531,sed lacus
EQ 000018,TK 532,sed sagittis nam
EQ 000019,TK 533,penatibus et magnis
EQ 000020,TK 534,ac nibh
EQ 000021,TK 535,at velit
EQ 000022,TK 536,felis sed
EQ 000023,TK 537,cubilia curae donec
EQ 000024,TK 538,maecenas tristique est
EQ 000025,TK 539,curabitur in
EQ 000026,TK 540,ultrices phasellus id
EQ 000027,TK 541,cursus id turpis
EQ 000028,TK 542,tellus nulla
EQ 000029,TK 543,semper interdum mauris
EQ 000030,TK 544,ut mauris
EQ 000031,TK 545,pretium iaculis diam
EQ 000032,TK 546,ac neque
EQ 000033,TK 547,eu orci
EQ 000034,TK 548,pretium quis
EQ 000035,TK 549,aliquam convallis nunc
EQ 000036,TK 550,nam congue
EQ 000037,TK 551,elit proin
EQ 000038,TK 552,sagittis dui vel
EQ 000039,TK 553,nec sem duis
EQ 000040,TK 554,nec condimentum
EQ 000041,TK 555,quam nec dui
EQ 000001,TK 556,morbi vel
EQ 000002,TK 557,primis in faucibus
EQ 000003,TK 558,sapien dignissim vestibulum
EQ 000004,TK 559,vestibulum eget
EQ 000005,TK 560,nulla suspendisse
EQ 000006,TK 561,tellus nulla
EQ 000007,TK 562,accumsan tortor quis
EQ 000008,TK 563,volutpat quam pede
EQ 000009,TK 564,amet cursus
EQ 000010,TK 565,ultrices enim
EQ 000011,TK 566,justo lacinia
EQ 000012,TK 567,congue eget semper
EQ 000013,TK 568,elementum eu interdum
EQ 000014,TK 569,vulputate ut
EQ 000015,TK 570,eget orci vehicula
EQ 000016,TK 571,nisl venenatis
EQ 000017,TK 572,erat quisque
EQ 000018,TK 573,nunc rhoncus
EQ 000019,TK 574,eleifend luctus ultricies
EQ 000020,TK 575,aliquet massa
EQ 000021,TK 576,congue vivamus
EQ 000022,TK 577,eros elementum
EQ 000023,TK 578,tortor risus
EQ 000024,TK 579,semper rutrum
EQ 000025,TK 580,purus aliquet at
EQ 000026,TK 581,nulla pede ullamcorper
EQ 000027,TK 582,consequat nulla nisl
EQ 000028,TK 583,elit proin
EQ 000029,TK 584,a libero nam
EQ 000030,TK 585,non velit
EQ 000031,TK 586,vestibulum velit id
EQ 000032,TK 587,cursus urna
EQ 000033,TK 588,dictumst etiam faucibus
EQ 000034,TK 589,ut massa
EQ 000035,TK 590,proin at turpis
EQ 000036,TK 591,posuere cubilia
EQ 000037,TK 592,donec dapibus
EQ 000038,TK 593,diam in
EQ 000039,TK 594,semper porta volutpat
EQ 000040,TK 595,blandit non interdum
EQ 000041,TK 596,diam in magna
EQ 000001,TK 597,mauris eget
EQ 000002,TK 598,sed tristique
EQ 000003,TK 599,consectetuer adipiscing elit
EQ 000004,TK 600,ipsum primis
EQ 000005,TK 601,consequat dui
EQ 000006,TK 602,turpis donec posuere
EQ 000007,TK 603,eu mi
EQ 000008,TK 604,nulla ac
EQ 000009,TK 605,mauris morbi
EQ 000010,TK 606,cursus id
EQ 000011,TK 607,ipsum dolor sit
EQ 000012,TK 608,justo lacinia eget
EQ 000013,TK 609,odio cras mi
EQ 000014,TK 610,non mi
EQ 000015,TK 611,in faucibus orci
EQ 000016,TK 612,luctus ultricies eu
EQ 000017,TK 613,odio justo sollicitudin
EQ 000018,TK 614,posuere cubilia curae
EQ 000019,TK 615,sodales sed tincidunt
EQ 000020,TK 616,proin risus praesent
EQ 000021,TK 617,quisque erat eros
EQ 000022,TK 618,nibh fusce lacus
EQ 000023,TK 619,ac nulla sed
EQ 000024,TK 620,rutrum at
EQ 000025,TK 621,quisque ut erat
EQ 000026,TK 622,maecenas pulvinar
EQ 000027,TK 623,odio cras mi
EQ 000028,TK 624,nunc commodo placerat
EQ 000029,TK 625,ipsum primis in
EQ 000030,TK 626,sed ante vivamus
EQ 000031,TK 627,duis bibendum morbi
EQ 000032,TK 628,vivamus tortor duis
EQ 000033,TK 629,volutpat convallis morbi
EQ 000034,TK 630,amet diam in
EQ 000035,TK 631,morbi vel
EQ 000036,TK 632,cubilia curae mauris
EQ 000037,TK 633,eu massa donec
EQ 000038,TK 634,nisl venenatis lacinia
EQ 000039,TK 635,est risus
EQ 000040,TK 636,lectus in
EQ 000041,TK 637,ante vivamus
EQ 000001,TK 638,donec ut dolor
EQ 000002,TK 639,nunc rhoncus
EQ 000003,TK 640,euismod scelerisque quam
EQ 000004,TK 641,congue diam
EQ 000005,TK 642,eleifend quam a
EQ 000006,TK 643,amet justo morbi
EQ 000007,TK 644,hac habitasse platea
EQ 000008,TK 645,venenatis lacinia
EQ 000009,TK 646,ut at
EQ 000010,TK 647,ultrices posuere cubilia
EQ 000011,TK 648,semper porta volutpat
EQ 000012,TK 649,nisi volutpat eleifend
EQ 000013,TK 650,nec molestie
EQ 000014,TK 651,orci eget
EQ 000015,TK 652,ac nulla
EQ 000016,TK 653,est risus auctor
EQ 000017,TK 654,erat curabitur gravida
EQ 000018,TK 655,eleifend quam a
EQ 000019,TK 656,congue eget semper
EQ 000020,TK 657,libero nullam sit
EQ 000021,TK 658,sodales scelerisque mauris
EQ 000022,TK 659,in libero
EQ 000023,TK 660,nascetur ridiculus
EQ 000024,TK 661,aliquam convallis
EQ 000025,TK 662,est donec
EQ 000026,TK 663,sem praesent id
EQ 000027,TK 664,tempus vel pede
EQ 000028,TK 665,mi in
EQ 000029,TK 666,massa volutpat convallis
EQ 000030,TK 667,at dolor quis
EQ 000031,TK 668,sed augue
EQ 000032,TK 669,amet consectetuer adipiscing
EQ 000033,TK 670,rhoncus dui vel
EQ 000034,TK 671,nisl nunc
EQ 000035,TK 672,posuere metus
EQ 000036,TK 673,lobortis est
EQ 000037,TK 674,nec molestie
EQ 000038,TK 675,habitasse platea
EQ 000039,TK 676,amet eros suspendisse
EQ 000040,TK 677,aliquam convallis
EQ 000041,TK 678,tellus in sagittis
EQ 000001,TK 679,proin leo odio
EQ 000002,TK 680,nulla sed vel
EQ 000003,TK 681,nunc rhoncus dui
EQ 000004,TK 682,congue risus
EQ 000005,TK 683,vestibulum eget vulputate
EQ 000006,TK 684,maecenas leo
EQ 000007,TK 685,mauris vulputate elementum
EQ 000008,TK 686,ultricies eu
EQ 000009,TK 687,odio cras
EQ 000010,TK 688,dictumst maecenas ut
EQ 000011,TK 689,ultrices posuere
EQ 000012,TK 690,curae duis faucibus
EQ 000013,TK 691,pede libero quis
EQ 000014,TK 692,aliquet ultrices
EQ 000015,TK 693,aliquam convallis nunc
EQ 000016,TK 694,vel est donec
EQ 000017,TK 695,tristique tortor eu
EQ 000018,TK 696,dapibus nulla suscipit
EQ 000019,TK 697,suspendisse potenti cras
EQ 000020,TK 698,odio donec vitae
EQ 000021,TK 699,a libero nam
EQ 000022,TK 700,ultrices erat tortor
EQ 000023,TK 701,elit sodales
EQ 000024,TK 702,tempor turpis
EQ 000025,TK 703,mauris vulputate
EQ 000026,TK 704,a libero
EQ 000027,TK 705,sapien arcu
EQ 000028,TK 706,vel accumsan tellus
EQ 000029,TK 707,tellus nulla
EQ 000030,TK 708,proin risus
EQ 000031,TK 709,donec dapibus duis
EQ 000032,TK 710,in blandit ultrices
EQ 000033,TK 711,justo pellentesque viverra
EQ 000034,TK 712,erat vestibulum
EQ 000035,TK 713,ultrices enim
EQ 000036,TK 714,in porttitor
EQ 000037,TK 715,primis in
EQ 000038,TK 716,morbi porttitor
EQ 000039,TK 717,rutrum ac lobortis
EQ 000040,TK 718,lorem vitae
EQ 000041,TK 719,eu interdum
EQ 000001,TK 720,at velit eu
EQ 000002,TK 721,turpis donec posuere
EQ 000003,TK 722,luctus et ultrices
EQ 000004,TK 723,scelerisque mauris sit
EQ 000005,TK 724,interdum mauris non
EQ 000006,TK 725,rutrum nulla
EQ 000007,TK 726,orci vehicula condimentum
EQ 000008,TK 727,cras pellentesque volutpat
EQ 000009,TK 728,ultrices enim lorem
EQ 000010,TK 729,erat nulla tempus
EQ 000011,TK 730,sem mauris
EQ 000012,TK 731,quisque erat eros
EQ 000013,TK 732,accumsan felis ut
EQ 000014,TK 733,quam sapien
EQ 000015,TK 734,cubilia curae
EQ 000016,TK 735,primis in
EQ 000017,TK 736,sit amet
EQ 000018,TK 737,aliquet massa
EQ 000019,TK 738,interdum mauris
EQ 000020,TK 739,sodales sed
EQ 000021,TK 740,ipsum primis
EQ 000022,TK 741,consequat morbi a
EQ 000023,TK 742,orci pede venenatis
EQ 000024,TK 743,leo maecenas
EQ 000025,TK 744,ut dolor morbi
EQ 000026,TK 745,nam nulla
EQ 000027,TK 746,felis ut at
EQ 000028,TK 747,consequat nulla
EQ 000029,TK 748,non mauris
EQ 000030,TK 749,non ligula pellentesque
EQ 000031,TK 750,ultrices posuere cubilia
EQ 000032,TK 751,nulla ut erat
EQ 000033,TK 752,sapien sapien
EQ 000034,TK 753,lorem ipsum
EQ 000035,TK 754,nec nisi
EQ 000036,TK 755,elementum nullam varius
EQ 000037,TK 756,justo sollicitudin ut
EQ 000038,TK 757,vel enim
EQ 000039,TK 758,mauris morbi non
EQ 000040,TK 759,ipsum primis in
EQ 000041,TK 760,duis bibendum
EQ 000001,TK 761,in leo
EQ 000002,TK 762,in sagittis
EQ 000003,TK 763,a odio
EQ 000004,TK 764,in felis
EQ 000005,TK 765,volutpat in congue
EQ 000006,TK 766,integer pede justo
EQ 000007,TK 767,nec condimentum
EQ 000008,TK 768,rhoncus aliquam lacus
EQ 000009,TK 769,quisque arcu
EQ 000010,TK 770,consequat metus
EQ 000011,TK 771,eu sapien
EQ 000012,TK 772,primis in
EQ 000013,TK 773,non mattis
EQ 000014,TK 774,curabitur gravida nisi
EQ 000015,TK 775,vulputate justo
EQ 000016,TK 776,mauris non
EQ 000017,TK 777,vivamus vestibulum sagittis
EQ 000018,TK 778,lobortis ligula sit
EQ 000019,TK 779,luctus et ultrices
EQ 000020,TK 780,nulla sed
EQ 000021,TK 781,vel sem sed
EQ 000022,TK 782,aenean lectus pellentesque
EQ 000023,TK 783,porttitor lacus at
EQ 000024,TK 784,turpis eget elit
EQ 000025,TK 785,velit id
EQ 000026,TK 786,at nunc commodo
EQ 000027,TK 787,justo pellentesque viverra
EQ 000028,TK 788,mi integer ac
EQ 000029,TK 789,donec pharetra magna
EQ 000030,TK 790,iaculis justo in
EQ 000031,TK 791,enim lorem
EQ 000032,TK 792,convallis tortor risus
EQ 000033,TK 793,nunc vestibulum ante
EQ 000034,TK 794,ac leo
EQ 000035,TK 795,accumsan felis
EQ 000036,TK 796,sapien ut
EQ 000037,TK 797,imperdiet nullam
EQ 000038,TK 798,lobortis ligula sit
EQ 000039,TK 799,convallis morbi odio
EQ 000040,TK 800,congue diam id
EQ 000041,TK 801,diam nam tristique
EQ 000001,TK 802,mi nulla
EQ 000002,TK 803,libero nullam
EQ 000003,TK 804,curae donec pharetra
EQ 000004,TK 805,nunc commodo placerat
EQ 000005,TK 806,luctus et
EQ 000006,TK 807,aliquam quis turpis
EQ 000007,TK 808,mauris non ligula
EQ 000008,TK 809,euismod scelerisque
EQ 000009,TK 810,sed augue
EQ 000010,TK 811,ac enim
EQ 000011,TK 812,habitasse platea dictumst
EQ 000012,TK 813,ridiculus mus
EQ 000013,TK 814,in lacus
EQ 000014,TK 815,ut mauris
EQ 000015,TK 816,in leo
EQ 000016,TK 817,nunc donec quis
EQ 000017,TK 818,pellentesque at nulla
EQ 000018,TK 819,in hac
EQ 000019,TK 820,sed tincidunt eu
EQ 000020,TK 821,aenean fermentum donec
EQ 000021,TK 822,dolor vel est
EQ 000022,TK 823,eget orci vehicula
EQ 000023,TK 824,feugiat non pretium
EQ 000024,TK 825,nulla eget eros
EQ 000025,TK 826,cubilia curae nulla
EQ 000026,TK 827,montes nascetur
EQ 000027,TK 828,diam id ornare
EQ 000028,TK 829,sapien non
EQ 000029,TK 830,odio consequat varius
EQ 000030,TK 831,fermentum donec
EQ 000031,TK 832,nulla tellus
EQ 000032,TK 833,id sapien in
EQ 000033,TK 834,metus sapien ut
EQ 000034,TK 835,sit amet sapien
EQ 000035,TK 836,tempor convallis
EQ 000036,TK 837,vulputate nonummy maecenas
EQ 000037,TK 838,viverra diam vitae
EQ 000038,TK 839,libero convallis
EQ 000039,TK 840,placerat praesent
EQ 000040,TK 841,mauris lacinia sapien
EQ 000041,TK 842,eu mi
EQ 000001,TK 843,porta volutpat erat
EQ 000002,TK 844,non quam nec
EQ 000003,TK 845,pede malesuada in
EQ 000004,TK 846,et ultrices posuere
EQ 000005,TK 847,hendrerit at vulputate
EQ 000006,TK 848,sed tincidunt
EQ 000007,TK 849,tempus vivamus
EQ 000008,TK 850,pellentesque eget
EQ 000009,TK 851,diam cras pellentesque
EQ 000010,TK 852,bibendum morbi non
EQ 000011,TK 853,potenti cras
EQ 000012,TK 854,morbi vel
EQ 000013,TK 855,sed tincidunt
EQ 000014,TK 856,adipiscing molestie
EQ 000015,TK 857,nec nisi volutpat
EQ 000016,TK 858,cras pellentesque
EQ 000017,TK 859,volutpat dui
EQ 000018,TK 860,porta volutpat
EQ 000019,TK 861,morbi vestibulum velit
EQ 000020,TK 862,volutpat eleifend donec
EQ 000021,TK 863,quis orci eget
EQ 000022,TK 864,dolor morbi
EQ 000023,TK 865,id massa
EQ 000024,TK 866,cras mi pede
EQ 000025,TK 867,sed nisl nunc
EQ 000026,TK 868,duis ac nibh
EQ 000027,TK 869,bibendum morbi
EQ 000028,TK 870,elementum ligula vehicula
EQ 000029,TK 871,hendrerit at
EQ 000030,TK 872,quam a
EQ 000031,TK 873,vivamus metus arcu
EQ 000032,TK 874,sapien varius ut
EQ 000033,TK 875,velit nec
EQ 000034,TK 876,lacus morbi quis
EQ 000035,TK 877,at lorem
EQ 000036,TK 878,morbi ut odio
EQ 000037,TK 879,suscipit a feugiat
EQ 000038,TK 880,justo sit
EQ 000039,TK 881,phasellus sit
EQ 000040,TK 882,porttitor lorem id
EQ 000041,TK 883,morbi porttitor
EQ 000001,TK 884,etiam justo etiam
EQ 000002,TK 885,ac est lacinia
EQ 000003,TK 886,nulla tellus
EQ 000004,TK 887,justo etiam pretium
EQ 000005,TK 888,sodales sed
EQ 000006,TK 889,massa volutpat
EQ 000007,TK 890,pulvinar lobortis est
EQ 000008,TK 891,scelerisque quam turpis
EQ 000009,TK 892,nulla elit
EQ 000010,TK 893,volutpat quam
EQ 000011,TK 894,lacus curabitur
EQ 000012,TK 895,at turpis donec
EQ 000013,TK 896,blandit lacinia
EQ 000014,TK 897,ut nunc vestibulum
EQ 000015,TK 898,in congue
EQ 000016,TK 899,dis parturient montes
